Customer_ID,Customer_Name,Segment,City,State,Country,Region,Postal_Code
CG-12520,Claire Gute,Consumer,Henderson,Kentucky,United States,South,42420
DV-13045,Darrin Van Huff,Corporate,Los Angeles,California,United States,West,90036
SO-20335,Sean O'Donnell,Consumer,Fort Lauderdale,Florida,United States,South,33311
BH-11710,Brosina Hoffman,Consumer,Los Angeles,California,United States,West,90032
AA-10480,Andrew Allen,Consumer,Concord,North Carolina,United States,South,28027
IM-15070,Irene Maddox,Consumer,Seattle,Washington,United States,West,98103
HP-14815,Harold Pawlan,Home Office,Fort Worth,Texas,United States,Central,76106
PK-19075,Pete Kriz,Consumer,Madison,Wisconsin,United States,Central,53711
AG-10270,Alejandro Grove,Consumer,West Jordan,Utah,United States,West,84084
ZD-21925,Zuschuss Donatelli,Consumer,San Francisco,California,United States,West,94109
KB-16585,Ken Black,Corporate,Fremont,Nebraska,United States,Central,68025
SF-20065,Sandra Flanagan,Consumer,Philadelphia,Pennsylvania,United States,East,19140
EB-13870,Emily Burns,Consumer,Orem,Utah,United States,West,84057
EH-13945,Eric Hoffmann,Consumer,Los Angeles,California,United States,West,90049
TB-21520,Tracy Blumstein,Consumer,Philadelphia,Pennsylvania,United States,East,19140
MA-17560,Matt Abelman,Home Office,Houston,Texas,United States,Central,77095
GH-14485,Gene Hale,Corporate,Richardson,Texas,United States,Central,75080
SN-20710,Steve Nguyen,Home Office,Houston,Texas,United States,Central,77041
LC-16930,Linda Cazamias,Corporate,Naperville,Illinois,United States,Central,60540
RA-19885,Ruben Ausman,Corporate,Los Angeles,California,United States,West,90049
ES-14080,Erin Smith,Corporate,Melbourne,Florida,United States,South,32935
ON-18715,Odella Nelson,Corporate,Eagan,Minnesota,United States,Central,55122
PO-18865,Patrick O'Donnell,Consumer,Westland,Michigan,United States,Central,48185
LH-16900,Lena Hernandez,Consumer,Dover,Delaware,United States,East,19901
DP-13000,Darren Powers,Consumer,New Albany,Indiana,United States,Central,47150
JM-15265,Janet Molinari,Corporate,New York City,New York,United States,East,10024
TB-21055,Ted Butterfield,Consumer,Troy,New York,United States,East,12180
KM-16720,Kunst Miller,Consumer,Los Angeles,California,United States,West,90004
PS-18970,Paul Stevenson,Home Office,Chicago,Illinois,United States,Central,60610
BS-11590,Brendan Sweed,Corporate,Gilbert,Arizona,United States,West,85234
KD-16270,Karen Daniels,Consumer,Springfield,Virginia,United States,South,22153
HM-14980,Henry MacAllister,Consumer,New York City,New York,United States,East,10009
JE-15745,Joel Eaton,Consumer,Memphis,Tennessee,United States,South,38109
KB-16600,Ken Brennan,Corporate,Houston,Texas,United States,Central,77041
SC-20770,Stewart Carmichael,Corporate,Decatur,Alabama,United States,South,35601
DN-13690,Duane Noonan,Consumer,San Francisco,California,United States,West,94122
JC-16105,Julie Creighton,Corporate,Durham,North Carolina,United States,South,27707
CS-12400,Christopher Schild,Home Office,Chicago,Illinois,United States,Central,60623
PG-18895,Paul Gonzalez,Consumer,Rochester,Minnesota,United States,Central,55901
GM-14455,Gary Mitchum,Home Office,Houston,Texas,United States,Central,77095
JS-15685,Jim Sink,Corporate,Los Angeles,California,United States,West,90036
KB-16315,Karl Braun,Consumer,Minneapolis,Minnesota,United States,Central,55407
RB-19705,Roger Barcio,Home Office,Portland,Oregon,United States,West,97206
PN-18775,Parhena Norris,Home Office,New York City,New York,United States,East,10009
KD-16345,Katherine Ducich,Consumer,San Francisco,California,United States,West,94122
ER-13855,Elpida Rittenbach,Corporate,Saint Paul,Minnesota,United States,Central,55106
RB-19465,Rick Bensley,Home Office,Chicago,Illinois,United States,Central,60610
GZ-14470,Gary Zandusky,Consumer,Rochester,Minnesota,United States,Central,55901
LC-16870,Lena Cacioppo,Consumer,Aurora,Colorado,United States,West,80013
JM-15250,Janet Martin,Consumer,Charlotte,North Carolina,United States,South,28205
PA-19060,Pete Armstrong,Home Office,Orland Park,Illinois,United States,Central,60462
CV-12805,Cynthia Voltz,Corporate,New York City,New York,United States,East,10035
CL-12565,Clay Ludtke,Consumer,Urbandale,Iowa,United States,Central,50322
RC-19960,Ryan Crowe,Consumer,Columbus,Ohio,United States,East,43229
DK-13090,Dave Kipp,Consumer,Seattle,Washington,United States,West,98103
GG-14650,Greg Guthrie,Corporate,Bristol,Tennessee,United States,South,37620
SC-20725,Steven Cartwright,Consumer,Wilmington,Delaware,United States,East,19805
AD-10180,Alan Dominguez,Home Office,Houston,Texas,United States,Central,77041
PF-19165,Philip Fox,Consumer,Bloomington,Illinois,United States,Central,61701
TS-21610,Troy Staebel,Consumer,Phoenix,Arizona,United States,West,85023
LS-16975,Lindsay Shagiari,Home Office,Los Angeles,California,United States,West,90004
DW-13585,Dorothy Wardle,Corporate,Columbus,Ohio,United States,East,43229
LC-16885,Lena Creighton,Consumer,Roseville,California,United States,West,95661
JD-15895,Jonathan Doherty,Corporate,Philadelphia,Pennsylvania,United States,East,19140
SH-19975,Sally Hughsby,Corporate,San Francisco,California,United States,West,94122
SG-20080,Sandra Glassco,Consumer,Independence,Missouri,United States,Central,64055
HA-14920,Helen Andreada,Consumer,Pasadena,California,United States,West,91104
MG-17680,Maureen Gastineau,Home Office,Newark,Ohio,United States,East,43055
JE-16165,Justin Ellison,Corporate,Franklin,Wisconsin,United States,Central,53132
TW-21025,Tamara Willingham,Home Office,Scottsdale,Arizona,United States,West,85254
SP-20650,Stephanie Phelps,Corporate,San Jose,California,United States,West,95123
NK-18490,Neil Knudson,Home Office,Seattle,Washington,United States,West,98105
DB-13060,Dave Brooks,Consumer,Seattle,Washington,United States,West,98115
NP-18670,Nora Paige,Consumer,Edmond,Oklahoma,United States,Central,73034
TT-21070,Ted Trevino,Consumer,Los Angeles,California,United States,West,90045
EM-13960,Eric Murdock,Consumer,Philadelphia,Pennsylvania,United States,East,19134
RD-19900,Ruben Dartt,Consumer,Carlsbad,New Mexico,United States,West,88220
MJ-17740,Max Jones,Consumer,Seattle,Washington,United States,West,98115
BM-11140,Becky Martin,Consumer,San Antonio,Texas,United States,Central,78207
CS-12130,Chad Sievert,Consumer,Los Angeles,California,United States,West,90004
JB-15400,Jennifer Braxton,Corporate,Chicago,Illinois,United States,Central,60623
SJ-20500,Shirley Jackson,Consumer,Houston,Texas,United States,Central,77036
JK-15640,Jim Kriz,Home Office,New York City,New York,United States,East,10009
DK-13150,David Kendrick,Corporate,Decatur,Illinois,United States,Central,62521
RM-19675,Robert Marley,Home Office,Monroe,Louisiana,United States,South,71203
SK-19990,Sally Knutson,Consumer,Fairfield,Connecticut,United States,East,6824
FM-14290,Frank Merwin,Home Office,Los Angeles,California,United States,West,90032
AM-10360,Alice McCarthy,Corporate,Grand Prairie,Texas,United States,Central,75051
MP-17470,Mark Packer,Home Office,New York City,New York,United States,East,10035
MZ-17515,Mary Zewe,Corporate,Redlands,California,United States,West,92374
CB-12025,Cassandra Brandow,Consumer,Hamilton,Ohio,United States,East,45011
VM-21685,Valerie Mitchum,Home Office,Westfield,New Jersey,United States,East,7090
FH-14365,Fred Hopkins,Corporate,Philadelphia,Pennsylvania,United States,East,19120
MB-17305,Maria Bertelson,Consumer,Akron,Ohio,United States,East,44312
BS-11755,Bruce Stewart,Consumer,Denver,Colorado,United States,West,80219
LC-17140,Logan Currie,Consumer,Dallas,Texas,United States,Central,75220
HK-14890,Heather Kirkland,Corporate,Franklin,Tennessee,United States,South,37064
LE-16810,Laurel Elliston,Consumer,Whittier,California,United States,West,90604
JH-15985,Joseph Holt,Consumer,Saginaw,Michigan,United States,Central,48601
MS-17980,Michael Stewart,Corporate,Dallas,Texas,United States,Central,75220
VW-21775,Victoria Wilson,Corporate,Medina,Ohio,United States,East,44256
JH-15910,Jonathan Howell,Consumer,Los Angeles,California,United States,West,90032
JB-15925,Joni Blumstein,Consumer,Dublin,Ohio,United States,East,43017
DS-13180,David Smith,Corporate,Detroit,Michigan,United States,Central,48227
VD-21670,Valerie Dominguez,Consumer,Columbia,Tennessee,United States,South,38401
EA-14035,Erin Ashbrook,Corporate,Charlotte,North Carolina,United States,South,28205
DB-13120,David Bremer,Corporate,Santa Clara,California,United States,West,95051
KL-16645,Ken Lonsdale,Consumer,Chicago,Illinois,United States,Central,60610
DW-13480,Dianna Wilson,Home Office,Lakeville,Minnesota,United States,Central,55044
LH-17155,Logan Haushalter,Consumer,San Francisco,California,United States,West,94109
KC-16540,Kelly Collister,Consumer,San Diego,California,United States,West,92037
DL-13315,Delfina Latchford,Consumer,New York City,New York,United States,East,10024
DR-12880,Dan Reichenbach,Corporate,Chicago,Illinois,United States,Central,60623
CC-12670,Craig Carreira,Consumer,New York City,New York,United States,East,10009
Dl-13600,Dorris liebe,Corporate,Pasadena,Texas,United States,Central,77506
SB-20290,Sean Braxton,Corporate,Houston,Texas,United States,Central,77036
RC-19825,Roy Collins,Consumer,Chicago,Illinois,United States,Central,60610
AH-10210,Alan Hwang,Consumer,Brentwood,California,United States,West,94513
CB-12535,Claudia Bergmann,Corporate,Chapel Hill,North Carolina,United States,South,27514
CA-12310,Christine Abelman,Corporate,Cincinnati,Ohio,United States,East,45231
KH-16690,Kristen Hastings,Corporate,San Francisco,California,United States,West,94110
BB-10990,Barry Blumstein,Corporate,Inglewood,California,United States,West,90301
AG-10495,Andrew Gjertsen,Corporate,Philadelphia,Pennsylvania,United States,East,19140
JO-15280,Jas O'Carroll,Consumer,Los Angeles,California,United States,West,90004
AH-10195,Alan Haines,Corporate,Tamarac,Florida,United States,South,33319
NZ-18565,Nick Zandusky,Home Office,Columbus,Ohio,United States,East,43229
KL-16555,Kelly Lampkin,Corporate,Colorado Springs,Colorado,United States,West,80906
AS-10225,Alan Schoenberger,Corporate,New York City,New York,United States,East,10024
CR-12625,Corey Roper,Home Office,Lakewood,New Jersey,United States,East,8701
SH-20395,Shahid Hopkins,Consumer,Arlington,Virginia,United States,South,22204
BP-11185,Ben Peterman,Corporate,Arvada,Colorado,United States,West,80004
TS-21205,Thomas Seio,Corporate,Hackensack,New Jersey,United States,East,7601
AG-10525,Andy Gerbode,Corporate,Saint Petersburg,Florida,United States,South,33710
SP-20860,Sung Pak,Corporate,Philadelphia,Pennsylvania,United States,East,19143
NM-18445,Nathan Mautz,Home Office,New York City,New York,United States,East,10024
FA-14230,Frank Atkinson,Corporate,Long Beach,California,United States,West,90805
GK-14620,Grace Kelly,Corporate,Hesperia,California,United States,West,92345
DJ-13510,Don Jones,Corporate,Murfreesboro,Tennessee,United States,South,37130
PO-18850,Patrick O'Brill,Consumer,Philadelphia,Pennsylvania,United States,East,19143
JL-15850,John Lucas,Consumer,Philadelphia,Pennsylvania,United States,East,19134
DB-13615,Doug Bickford,Consumer,Los Angeles,California,United States,West,90045
AC-10420,Alyssa Crouse,Corporate,San Francisco,California,United States,West,94122
CC-12550,Clay Cheatham,Consumer,San Francisco,California,United States,West,94122
TD-20995,Tamara Dahlen,Consumer,Lowell,Massachusetts,United States,East,1852
AB-10060,Adam Bellavance,Home Office,New York City,New York,United States,East,10009
JL-15505,Jeremy Lonsdale,Consumer,New York City,New York,United States,East,10035
VB-21745,Victoria Brennan,Corporate,Columbus,Georgia,United States,South,31907
KW-16435,Katrina Willman,Consumer,New York City,New York,United States,East,10009
JD-16060,Julia Dunbar,Consumer,San Francisco,California,United States,West,94109
MK-17905,Michael Kennedy,Corporate,Manchester,Connecticut,United States,East,6040
GT-14755,Guy Thornton,Consumer,Harlingen,Texas,United States,Central,78550
AG-10900,Arthur Gainer,Consumer,Tucson,Arizona,United States,West,85705
MM-18280,Muhammed MacIntyre,Corporate,Quincy,Illinois,United States,Central,62301
AR-10405,Allen Rosenblatt,Corporate,Franklin,Massachusetts,United States,East,2038
RA-19915,Russell Applegate,Consumer,Houston,Texas,United States,Central,77095
AS-10285,Alejandro Savely,Corporate,San Francisco,California,United States,West,94109
LA-16780,Laura Armstrong,Corporate,Taylor,Michigan,United States,Central,48180
DO-13435,Denny Ordway,Consumer,Pembroke Pines,Florida,United States,South,33024
DK-13225,Dean Katz,Corporate,Philadelphia,Pennsylvania,United States,East,19140
NG-18430,Nathan Gelder,Consumer,Cincinnati,Ohio,United States,East,45231
MV-18190,Mike Vittorini,Consumer,New York City,New York,United States,East,10009
JG-15115,Jack Garza,Consumer,Des Moines,Washington,United States,West,98198
BP-11095,Bart Pistole,Corporate,Peoria,Illinois,United States,Central,61604
VP-21730,Victor Preis,Home Office,Las Vegas,Nevada,United States,West,89115
SS-20140,Saphhira Shifley,Corporate,Warwick,Rhode Island,United States,East,2886
AG-10675,Anna Gayman,Consumer,Houston,Texas,United States,Central,77036
LF-17185,Luke Foster,Consumer,Miami,Florida,United States,South,33180
RF-19840,Roy Französisch,Consumer,New York City,New York,United States,East,10024
KH-16510,Keith Herrera,Consumer,San Francisco,California,United States,West,94110
KC-16675,Kimberly Carter,Corporate,Seattle,Washington,United States,West,98105
CJ-12010,Caroline Jumper,Consumer,Huntington Beach,California,United States,West,92646
PB-19150,Philip Brown,Consumer,Los Angeles,California,United States,West,90004
MP-17965,Michael Paige,Corporate,Lawrence,Massachusetts,United States,East,1841
NF-18385,Natalie Fritzler,Consumer,Jackson,Mississippi,United States,South,39212
SD-20485,Shirley Daniels,Home Office,New Rochelle,New York,United States,East,10801
KH-16630,Ken Heidel,Corporate,San Antonio,Texas,United States,Central,78207
RB-19795,Ross Baird,Home Office,Gastonia,North Carolina,United States,South,28052
MK-18160,Mike Kennedy,Consumer,Jacksonville,Florida,United States,South,32216
PO-19180,Philisse Overcash,Home Office,Chicago,Illinois,United States,Central,60623
BB-11545,Brenda Bowman,Corporate,Houston,Texas,United States,Central,77070
TB-21595,Troy Blackwell,Consumer,Columbus,Indiana,United States,Central,47201
RB-19360,Raymond Buch,Consumer,Auburn,New York,United States,East,13021
EB-13705,Ed Braxton,Corporate,Akron,Ohio,United States,East,44312
SC-20095,Sanjit Chand,Consumer,Concord,California,United States,West,94521
TN-21040,Tanja Norvell,Home Office,Phoenix,Arizona,United States,West,85023
JS-15940,Joni Sundaresam,Home Office,Park Ridge,Illinois,United States,Central,60068
MH-17785,Maya Herman,Corporate,Lindenhurst,New York,United States,East,11757
JP-15520,Jeremy Pistek,Consumer,San Francisco,California,United States,West,94110
JE-15475,Jeremy Ellison,Consumer,Troy,New York,United States,East,12180
JG-15805,John Grady,Corporate,New York City,New York,United States,East,10024
XP-21865,Xylona Preis,Consumer,San Diego,California,United States,West,92024
EM-14065,Erin Mull,Consumer,New York City,New York,United States,East,10024
MT-18070,Michelle Tran,Home Office,Los Angeles,California,United States,West,90045
SA-20830,Sue Ann Reed,Consumer,Chicago,Illinois,United States,Central,60610
CW-11905,Carl Weiss,Home Office,Huntsville,Texas,United States,Central,77340
AJ-10960,Astrea Jones,Consumer,Rochester,New York,United States,East,14609
SS-20590,Sonia Sunley,Consumer,Seattle,Washington,United States,West,98115
RO-19780,Rose O'Brian,Consumer,Memphis,Tennessee,United States,South,38109
MD-17350,Maribeth Dona,Consumer,Fayetteville,Arkansas,United States,South,72701
MY-17380,Maribeth Yedwab,Corporate,Parker,Colorado,United States,West,80134
CM-12385,Christopher Martinez,Consumer,Atlanta,Georgia,United States,South,30318
LS-17245,Lynn Smith,Consumer,Gladstone,Missouri,United States,Central,64118
BN-11515,Bradley Nguyen,Consumer,Los Angeles,California,United States,West,90049
DB-13210,Dean Braden,Consumer,Houston,Texas,United States,Central,77041
MC-17605,Matt Connell,Corporate,Detroit,Michigan,United States,Central,48234
BD-11605,Brian Dahlen,Consumer,Lawrence,Massachusetts,United States,East,1841
PH-18790,Patricia Hirasaki,Home Office,Lakeland,Florida,United States,South,33801
MG-18145,Mike Gockenbach,Consumer,Philadelphia,Pennsylvania,United States,East,19134
KB-16240,Karen Bern,Corporate,Los Angeles,California,United States,West,90036
JC-15340,Jasper Cacioppo,Consumer,Los Angeles,California,United States,West,90032
RL-19615,Rob Lucas,Consumer,Montgomery,Alabama,United States,South,36116
AA-10375,Allen Armold,Consumer,Mesa,Arizona,United States,West,85204
EP-13915,Emily Phan,Consumer,Chicago,Illinois,United States,Central,60653
DK-12985,Darren Koutras,Consumer,Henderson,Kentucky,United States,South,42420
BD-11500,Bradley Drucker,Consumer,Green Bay,Wisconsin,United States,Central,54302
LM-17065,Liz MacKendrick,Consumer,Springfield,Ohio,United States,East,45503
AS-10135,Adrian Shami,Home Office,New York City,New York,United States,East,10035
BD-11320,Bill Donatelli,Consumer,San Francisco,California,United States,West,94110
GT-14710,Greg Tran,Consumer,Houston,Texas,United States,Central,77070
AJ-10945,Ashley Jarboe,Consumer,Wilmington,North Carolina,United States,South,28403
OT-18730,Olvera Toch,Consumer,Los Angeles,California,United States,West,90045
LP-17080,Liz Pelletier,Consumer,San Francisco,California,United States,West,94110
CA-12775,Cynthia Arntzen,Consumer,Tampa,Florida,United States,South,33614
JF-15490,Jeremy Farry,Consumer,Seattle,Washington,United States,West,98105
FP-14320,Frank Preis,Consumer,Los Angeles,California,United States,West,90008
EB-13840,Ellis Ballard,Corporate,Seattle,Washington,United States,West,98105
JF-15415,Jennifer Ferguson,Consumer,New York City,New York,United States,East,10024
SF-20200,Sarah Foster,Consumer,Marysville,Washington,United States,West,98270
TG-21640,Trudy Glocke,Consumer,Long Beach,California,United States,West,90805
CS-11950,Carlos Soltero,Consumer,Chicago,Illinois,United States,Central,60610
CC-12145,Charles Crestani,Consumer,Los Angeles,California,United States,West,90004
DV-13465,Dianna Vittorini,Consumer,Denver,Colorado,United States,West,80219
BD-11725,Bruce Degenhardt,Consumer,Richmond,Kentucky,United States,South,40475
ZC-21910,Zuschuss Carroll,Consumer,Salem,Oregon,United States,West,97301
MS-17830,Melanie Seite,Consumer,Laredo,Texas,United States,Central,78041
LR-16915,Lena Radford,Consumer,San Diego,California,United States,West,92024
TP-21130,Theone Pippenger,Consumer,Philadelphia,Pennsylvania,United States,East,19134
CK-12205,Chloris Kastensmidt,Consumer,Philadelphia,Pennsylvania,United States,East,19120
AS-10240,Alan Shonely,Consumer,Tampa,Florida,United States,South,33614
AR-10510,Andrew Roberts,Consumer,Philadelphia,Pennsylvania,United States,East,19134
NB-18655,Nona Balk,Corporate,Dallas,Texas,United States,Central,75217
GD-14590,Giulietta Dortch,Corporate,Philadelphia,Pennsylvania,United States,East,19143
CK-12595,Clytie Kelty,Consumer,Grove City,Ohio,United States,East,43123
NG-18355,Nat Gilpin,Corporate,New York City,New York,United States,East,10011
CA-12265,Christina Anderson,Consumer,Chicago,Illinois,United States,Central,60610
SF-20965,Sylvia Foulston,Corporate,Dearborn,Michigan,United States,Central,48126
MO-17800,Meg O'Connel,Home Office,New York City,New York,United States,East,10009
AT-10735,Annie Thurman,Consumer,Seattle,Washington,United States,West,98115
FM-14380,Fred McMath,Consumer,Aurora,Colorado,United States,West,80013
DJ-13420,Denny Joy,Corporate,Warner Robins,Georgia,United States,South,31088
ME-17725,Max Engle,Consumer,Aurora,Colorado,United States,West,80013
JD-16150,Justin Deggeller,Corporate,Minneapolis,Minnesota,United States,Central,55407
JL-15835,John Lee,Consumer,Mission Viejo,California,United States,West,92691
SC-20305,Sean Christensen,Consumer,Rochester Hills,Michigan,United States,Central,48307
CC-12430,Chuck Clark,Home Office,Columbus,Indiana,United States,Central,47201
AR-10825,Anthony Rawles,Corporate,Vancouver,Washington,United States,West,98661
SR-20740,Steven Roelle,Home Office,New York City,New York,United States,East,10024
CR-12730,Craig Reiter,Consumer,Columbus,Ohio,United States,East,43229
EH-14125,Eugene Hildebrand,Home Office,Aurora,Illinois,United States,Central,60505
SP-20545,Sibella Parks,Corporate,New York City,New York,United States,East,10011
TH-21235,Tiffany House,Corporate,Dallas,Texas,United States,Central,75081
RP-19390,Resi Pölking,Consumer,Cleveland,Ohio,United States,East,44105
RB-19570,Rob Beeghly,Consumer,Columbus,Indiana,United States,Central,47201
CD-11980,Carol Darley,Consumer,Tyler,Texas,United States,Central,75701
DJ-13630,Doug Jacobs,Consumer,New York City,New York,United States,East,10024
GT-14635,Grant Thornton,Corporate,Burlington,North Carolina,United States,South,27217
MC-17845,Michael Chen,Consumer,Jackson,Mississippi,United States,South,39212
RA-19285,Ralph Arnett,Consumer,New York City,New York,United States,East,10035
NP-18325,Naresj Patel,Consumer,Waynesboro,Virginia,United States,South,22980
AB-10165,Alan Barnes,Consumer,Los Angeles,California,United States,West,90036
JO-15550,Jesus Ocampo,Home Office,Chester,Pennsylvania,United States,East,19013
JK-15370,Jay Kimmel,Consumer,Long Beach,California,United States,West,90805
BN-11470,Brad Norvell,Corporate,Cary,North Carolina,United States,South,27511
DP-13165,David Philippe,Consumer,New York City,New York,United States,East,10035
TH-21550,Tracy Hopkins,Home Office,New York City,New York,United States,East,10035
AP-10915,Arthur Prichep,Consumer,Palm Coast,Florida,United States,South,32137
RS-19765,Roland Schwarz,Corporate,Mount Vernon,New York,United States,East,10550
SV-20365,Seth Vernon,Consumer,Dover,Delaware,United States,East,19901
CK-12325,Christine Kargatis,Home Office,Orem,Utah,United States,West,84057
RD-19810,Ross DeVincentis,Home Office,Los Angeles,California,United States,West,90045
MR-17545,Mathew Reese,Home Office,Philadelphia,Pennsylvania,United States,East,19140
SC-20695,Steve Chapman,Corporate,Hialeah,Florida,United States,South,33012
JF-15355,Jay Fein,Consumer,Austin,Texas,United States,Central,78745
EG-13900,Emily Grady,Consumer,Oceanside,New York,United States,East,11572
DS-13030,Darrin Sayre,Home Office,Seattle,Washington,United States,West,98115
PO-19195,Phillina Ober,Home Office,Naperville,Illinois,United States,Central,60540
SS-20875,Sung Shariari,Consumer,Dallas,Texas,United States,Central,75220
PB-19105,Peter Bühler,Consumer,Evanston,Illinois,United States,Central,60201
RF-19735,Roland Fjeld,Consumer,Trenton,Michigan,United States,Central,48183
YC-21895,Yoseph Carroll,Corporate,San Francisco,California,United States,West,94110
DC-13285,Debra Catini,Consumer,Cottage Grove,Minnesota,United States,Central,55016
CP-12340,Christine Phan,Corporate,New York City,New York,United States,East,10009
BF-11020,Barry Französisch,Corporate,Green Bay,Wisconsin,United States,Central,54302
LH-17020,Lisa Hazard,Consumer,Columbus,Ohio,United States,East,43229
CS-12250,Chris Selesnick,Corporate,Bossier City,Louisiana,United States,South,71111
AJ-10795,Anthony Johnson,Corporate,Saint Petersburg,Florida,United States,South,33710
BV-11245,Benjamin Venier,Corporate,Des Moines,Iowa,United States,Central,50315
DL-12865,Dan Lawera,Consumer,Cincinnati,Ohio,United States,East,45231
BM-11785,Bryan Mills,Consumer,Columbus,Ohio,United States,East,43229
LT-17110,Liz Thompson,Consumer,Lancaster,California,United States,West,93534
JK-15730,Joe Kamberova,Consumer,Asheville,North Carolina,United States,South,28806
ES-14020,Erica Smith,Consumer,San Francisco,California,United States,West,94110
RH-19495,Rick Hansen,Consumer,Rochester,Minnesota,United States,Central,55901
CD-11920,Carlos Daly,Consumer,Lake Elsinore,California,United States,West,92530
HW-14935,Helen Wasserman,Corporate,San Diego,California,United States,West,92105
MC-18130,Mike Caudle,Corporate,Monroe,Louisiana,United States,South,71203
GM-14440,Gary McGarr,Consumer,San Francisco,California,United States,West,94122
PJ-19015,Pauline Johnson,Consumer,Santa Ana,California,United States,West,92704
BW-11110,Bart Watters,Corporate,Milwaukee,Wisconsin,United States,Central,53209
TR-21325,Toby Ritter,Consumer,Belleville,New Jersey,United States,East,7109
PG-18820,Patrick Gardner,Consumer,San Francisco,California,United States,West,94110
JL-15175,James Lanier,Home Office,Columbia,Tennessee,United States,South,38401
BM-11650,Brian Moss,Corporate,New York City,New York,United States,East,10035
EM-14095,Eudokia Martin,Corporate,Los Angeles,California,United States,West,90036
AF-10885,Art Foster,Consumer,Louisville,Kentucky,United States,South,40214
GA-14725,Guy Armstrong,Consumer,Lorain,Ohio,United States,East,44052
CK-12760,Cyma Kinney,Corporate,Linden,New Jersey,United States,East,7036
DP-13105,Dave Poirier,Corporate,Salinas,California,United States,West,93905
BK-11260,Berenike Kampe,Consumer,New York City,New York,United States,East,10035
SJ-20125,Sanjit Jacobs,Home Office,New Brunswick,New Jersey,United States,East,8901
CM-12445,Chuck Magee,Consumer,San Francisco,California,United States,West,94122
AJ-10780,Anthony Jacobs,Corporate,Springfield,Virginia,United States,South,22153
LS-16945,Linda Southworth,Corporate,Philadelphia,Pennsylvania,United States,East,19140
GP-14740,Guy Phonely,Corporate,Lancaster,Pennsylvania,United States,East,17602
PK-18910,Paul Knutson,Home Office,Philadelphia,Pennsylvania,United States,East,19143
SM-20005,Sally Matthias,Consumer,New York City,New York,United States,East,10009
AG-10765,Anthony Garverick,Home Office,Philadelphia,Pennsylvania,United States,East,19120
PM-19135,Peter McVee,Home Office,Detroit,Michigan,United States,Central,48227
LL-16840,Lauren Leatherbury,Consumer,Rochester,New York,United States,East,14609
JS-15595,Jill Stevenson,Corporate,Los Angeles,California,United States,West,90045
EL-13735,Ed Ludwig,Home Office,Columbia,Maryland,United States,East,21044
PC-18745,Pamela Coakley,Corporate,San Francisco,California,United States,West,94122
HL-15040,Hunter Lopez,Consumer,Houston,Texas,United States,Central,77095
MS-17365,Maribeth Schnelling,Consumer,Detroit,Michigan,United States,Central,48227
GB-14530,George Bell,Corporate,Auburn,New York,United States,East,13021
JR-16210,Justin Ritter,Corporate,Springfield,Ohio,United States,East,45503
BE-11335,Bill Eplett,Home Office,Jackson,Michigan,United States,Central,49201
SC-20050,Sample Company A,Home Office,Norwich,Connecticut,United States,East,6360
RW-19630,Rob Williams,Corporate,Dallas,Texas,United States,Central,75220
SE-20110,Sanjit Engle,Consumer,New York City,New York,United States,East,10009
AH-10075,Adam Hart,Corporate,New York City,New York,United States,East,10011
JM-15535,Jessica Myrick,Consumer,Philadelphia,Pennsylvania,United States,East,19143
JJ-15760,Joel Jenkins,Home Office,Springfield,Virginia,United States,South,22153
RK-19300,Ralph Kennedy,Consumer,Philadelphia,Pennsylvania,United States,East,19140
CG-12040,Catherine Glotzbach,Home Office,Philadelphia,Pennsylvania,United States,East,19120
RP-19270,Rachel Payne,Corporate,Riverside,California,United States,West,92503
KC-16255,Karen Carlisle,Corporate,San Francisco,California,United States,West,94110
KH-16360,Katherine Hughes,Consumer,Philadelphia,Pennsylvania,United States,East,19143
GH-14665,Greg Hansen,Consumer,Round Rock,Texas,United States,Central,78664
SW-20275,Scott Williamson,Consumer,Jackson,Mississippi,United States,South,39212
JA-15970,Joseph Airdo,Consumer,Phoenix,Arizona,United States,West,85023
DL-12925,Daniel Lacy,Consumer,Oceanside,California,United States,West,92054
LW-16990,Lindsay Williams,Corporate,San Francisco,California,United States,West,94110
TB-21190,Thomas Brumley,Home Office,Fayetteville,Arkansas,United States,South,72701
BS-11800,Bryan Spruell,Home Office,New York City,New York,United States,East,10011
RW-19690,Robert Waldorf,Consumer,Wilmington,North Carolina,United States,South,28403
TZ-21580,Tracy Zic,Consumer,Louisville,Colorado,United States,West,80027
AS-10630,Ann Steele,Home Office,Pasadena,Texas,United States,Central,77506
TS-21340,Toby Swindell,Consumer,Houston,Texas,United States,Central,77041
SL-20155,Sara Luxemburg,Home Office,Jacksonville,Florida,United States,South,32216
MW-18235,Mitch Willingham,Corporate,Virginia Beach,Virginia,United States,South,23464
RD-19585,Rob Dowd,Consumer,Henderson,Kentucky,United States,South,42420
RA-19945,Ryan Akin,Consumer,Murrieta,California,United States,West,92563
MT-17815,Meg Tillman,Consumer,Scottsdale,Arizona,United States,West,85254
VG-21790,Vivek Gonzalez,Consumer,San Diego,California,United States,West,92037
JS-15880,John Stevenson,Consumer,Seattle,Washington,United States,West,98103
KM-16225,Kalyca Meade,Corporate,New York City,New York,United States,East,10011
HR-14770,Hallie Redmond,Home Office,Los Angeles,California,United States,West,90045
DE-13255,Deanra Eno,Home Office,Springfield,Ohio,United States,East,45503
AG-10390,Allen Goldenen,Consumer,Cincinnati,Ohio,United States,East,45231
JJ-15445,Jennifer Jackson,Consumer,Los Angeles,California,United States,West,90004
JH-15430,Jennifer Halladay,Consumer,Burlington,North Carolina,United States,South,27217
RD-19660,Robert Dilbeck,Home Office,Saint Peters,Missouri,United States,Central,63376
MO-17500,Mary O'Rourke,Consumer,New York City,New York,United States,East,10035
NS-18640,Noel Staavos,Corporate,Chicago,Illinois,United States,Central,60610
DG-13300,Deirdre Greer,Corporate,Philadelphia,Pennsylvania,United States,East,19134
NF-18595,Nicole Fjeld,Home Office,New York City,New York,United States,East,10009
MG-17650,Matthew Grinstein,Home Office,Philadelphia,Pennsylvania,United States,East,19143
TS-21160,Theresa Swint,Corporate,Toledo,Ohio,United States,East,43615
BD-11620,Brian DeCherney,Consumer,San Francisco,California,United States,West,94122
CM-12160,Charles McCrossin,Consumer,Brownsville,Texas,United States,Central,78521
SN-20560,Skye Norling,Home Office,Los Angeles,California,United States,West,90008
EH-14005,Erica Hernandez,Home Office,Denver,Colorado,United States,West,80219
FO-14305,Frank Olsen,Consumer,New York City,New York,United States,East,10035
MS-17710,Maurice Satty,Consumer,Mesa,Arizona,United States,West,85204
CC-12100,Chad Cunningham,Home Office,Columbus,Indiana,United States,Central,47201
DW-13540,Don Weiss,Consumer,Seattle,Washington,United States,West,98105
BT-11395,Bill Tyler,Corporate,Detroit,Michigan,United States,Central,48227
CY-12745,Craig Yedwab,Corporate,Oakland,California,United States,West,94601
BT-11485,Brad Thomas,Home Office,Clinton,Maryland,United States,East,20735
PS-19045,Penelope Sewall,Home Office,Charlotte,North Carolina,United States,South,28205
PV-18985,Paul Van Hugh,Home Office,San Francisco,California,United States,West,94122
NM-18520,Neoma Murray,Consumer,Riverside,California,United States,West,92503
DL-13495,Dionis Lloyd,Corporate,San Francisco,California,United States,West,94110
CS-12355,Christine Sundaresam,Consumer,Roswell,Georgia,United States,South,30076
FH-14275,Frank Hawley,Corporate,La Porte,Indiana,United States,Central,46350
NC-18340,Nat Carroll,Consumer,Lansing,Michigan,United States,Central,48911
AA-10315,Alex Avila,Consumer,Minneapolis,Minnesota,United States,Central,55407
LT-16765,Larry Tron,Consumer,Escondido,California,United States,West,92025
AP-10720,Anne Pryor,Home Office,New York City,New York,United States,East,10035
PM-18940,Paul MacIntyre,Consumer,Jackson,Michigan,United States,Central,49201
AT-10435,Alyssa Tate,Home Office,Los Angeles,California,United States,West,90004
CA-12055,Cathy Armstrong,Home Office,Houston,Texas,United States,Central,77070
HR-14830,Harold Ryan,Corporate,Seattle,Washington,United States,West,98103
BT-11530,Bradley Talbott,Home Office,Los Angeles,California,United States,West,90036
LH-16750,Larry Hughes,Consumer,Charlotte,North Carolina,United States,South,28205
SW-20755,Steven Ward,Corporate,New York City,New York,United States,East,10009
SP-20620,Stefania Perrino,Corporate,Philadelphia,Pennsylvania,United States,East,19134
BF-11170,Ben Ferrer,Home Office,Los Angeles,California,United States,West,90036
KT-16480,Kean Thornton,Consumer,Buffalo,New York,United States,East,14215
BG-11695,Brooke Gillingham,Corporate,Cincinnati,Ohio,United States,East,45231
GM-14680,Greg Matthias,Consumer,Seattle,Washington,United States,West,98105
EJ-14155,Eva Jacobs,Consumer,Gulfport,Mississippi,United States,South,39503
NP-18700,Nora Preis,Consumer,Fresno,California,United States,West,93727
MH-18115,Mick Hernandez,Home Office,Chester,Pennsylvania,United States,East,19013
JR-15700,Jocasta Rupert,Consumer,Jacksonville,Florida,United States,South,32216
SM-20950,Suzanne McNair,Corporate,Greenville,North Carolina,United States,South,27834
CC-12220,Chris Cortes,Consumer,La Porte,Indiana,United States,Central,46350
PF-19225,Phillip Flathmann,Consumer,San Francisco,California,United States,West,94122
DC-12850,Dan Campbell,Consumer,Florence,Alabama,United States,South,35630
BD-11770,Bryan Davis,Consumer,Houston,Texas,United States,Central,77070
GM-14500,Gene McClure,Consumer,Providence,Rhode Island,United States,East,2908
TB-21355,Todd Boyes,Corporate,New York City,New York,United States,East,10009
JH-16180,Justin Hirsh,Consumer,Pueblo,Colorado,United States,West,81001
EB-13975,Erica Bern,Corporate,Fairfield,California,United States,West,94533
QJ-19255,Quincy Jones,Corporate,Saint Paul,Minnesota,United States,Central,55106
TC-21535,Tracy Collins,Home Office,Arlington,Virginia,United States,South,22204
CS-12460,Chuck Sachs,Consumer,Columbus,Georgia,United States,South,31907
HG-14965,Henry Goldwyn,Corporate,Los Angeles,California,United States,West,90032
LW-16825,Laurel Workman,Corporate,Deltona,Florida,United States,South,32725
MC-17575,Matt Collins,Consumer,Cincinnati,Ohio,United States,East,45231
LP-17095,Liz Preis,Consumer,Murray,Kentucky,United States,South,42071
EB-14170,Evan Bailliet,Consumer,Wilmington,North Carolina,United States,South,28403
GZ-14545,George Zrebassa,Corporate,Lawrence,Massachusetts,United States,East,1841
CP-12085,Cathy Prescott,Corporate,Norwich,Connecticut,United States,East,6360
FG-14260,Frank Gastineau,Home Office,San Francisco,California,United States,West,94110
LD-17005,Lisa DeCherney,Consumer,San Francisco,California,United States,West,94109
AB-10255,Alejandro Ballentine,Home Office,Lorain,Ohio,United States,East,44052
MN-17935,Michael Nguyen,Consumer,Dallas,Texas,United States,Central,75220
JR-15670,Jim Radford,Consumer,Middletown,Connecticut,United States,East,6457
JF-15190,Jamie Frazer,Consumer,Los Angeles,California,United States,West,90008
CM-12115,Chad McGuire,Consumer,New York City,New York,United States,East,10011
AS-10045,Aaron Smayling,Corporate,Jacksonville,North Carolina,United States,South,28540
BP-11290,Beth Paige,Consumer,Evanston,Illinois,United States,Central,60201
ND-18370,Natalie DeCherney,Consumer,Louisville,Kentucky,United States,South,40214
LB-16735,Larry Blacks,Consumer,Fort Worth,Texas,United States,Central,76106
KT-16465,Kean Takahito,Consumer,Los Angeles,California,United States,West,90049
HM-14860,Harry Marie,Corporate,Philadelphia,Pennsylvania,United States,East,19120
AB-10600,Ann Blume,Corporate,Tucson,Arizona,United States,West,85705
SZ-20035,Sam Zeldin,Home Office,Pico Rivera,California,United States,West,90660
MG-17890,Michael Granlund,Home Office,Clinton,Maryland,United States,East,20735
JK-16120,Julie Kriz,Home Office,Aurora,Illinois,United States,Central,60505
PP-18955,Paul Prost,Home Office,Smyrna,Georgia,United States,South,30080
YS-21880,Yana Sorensen,Corporate,Burlington,North Carolina,United States,South,27217
KM-16375,Katherine Murray,Home Office,Salem,Virginia,United States,South,24153
AB-10105,Adrian Barton,Consumer,Phoenix,Arizona,United States,West,85023
HA-14905,Helen Abelman,Consumer,New York City,New York,United States,East,10024
BT-11305,Beth Thompson,Home Office,Costa Mesa,California,United States,West,92627
SV-20815,Stuart Van,Corporate,Houston,Texas,United States,Central,77041
RW-19540,Rick Wilson,Corporate,Mesa,Arizona,United States,West,85204
DK-12835,Damala Kotsonis,Corporate,Salinas,California,United States,West,93905
ST-20530,Shui Tom,Consumer,Parma,Ohio,United States,East,44134
MM-17920,Michael Moore,Consumer,San Francisco,California,United States,West,94110
PW-19030,Pauline Webber,Corporate,Richmond,Kentucky,United States,South,40475
SC-20440,Shaun Chance,Corporate,Aurora,Colorado,United States,West,80013
TS-21085,Thais Sissman,Consumer,Phoenix,Arizona,United States,West,85023
MC-17425,Mark Cousins,Corporate,Mobile,Alabama,United States,South,36608
ME-17320,Maria Etezadi,Home Office,Columbus,Georgia,United States,South,31907
NH-18610,Nicole Hansen,Corporate,Irving,Texas,United States,Central,75061
MB-18085,Mick Brown,Consumer,Vineland,New Jersey,United States,East,8360
KD-16495,Keith Dawkins,Corporate,New York City,New York,United States,East,10009
KN-16390,Katherine Nockton,Corporate,Los Angeles,California,United States,West,90004
NP-18685,Nora Pelletier,Home Office,Niagara Falls,New York,United States,East,14304
CS-12505,Cindy Stewart,Consumer,Thomasville,North Carolina,United States,South,27360
MS-17770,Maxwell Schwartz,Consumer,New York City,New York,United States,East,10035
CM-12655,Corinna Mitchell,Home Office,Los Angeles,California,United States,West,90008
Co-12640,Corey-Lock,Consumer,Philadelphia,Pennsylvania,United States,East,19143
TS-21370,Todd Sumrall,Corporate,New York City,New York,United States,East,10035
JW-15220,Jane Waco,Corporate,Vancouver,Washington,United States,West,98661
JD-15790,John Dryer,Consumer,Coppell,Texas,United States,Central,75019
PC-19000,Pauline Chand,Home Office,Los Angeles,California,United States,West,90004
AR-10540,Andy Reiter,Consumer,New York City,New York,United States,East,10024
AI-10855,Arianne Irving,Consumer,Philadelphia,Pennsylvania,United States,East,19120
TB-21400,Tom Boeckenhauer,Consumer,Seattle,Washington,United States,West,98105
PL-18925,Paul Lucas,Home Office,Chicago,Illinois,United States,Central,60610
GH-14425,Gary Hwang,Consumer,Tucson,Arizona,United States,West,85705
MP-18175,Mike Pelletier,Home Office,Laguna Niguel,California,United States,West,92677
JM-15655,Jim Mitchum,Corporate,Bridgeton,New Jersey,United States,East,8302
CL-11890,Carl Ludwig,Consumer,Everett,Massachusetts,United States,East,2149
DB-13270,Deborah Brumfield,Home Office,San Diego,California,United States,West,92024
IG-15085,Ivan Gibson,Consumer,San Diego,California,United States,West,92024
BO-11425,Bobby Odegard,Consumer,Richmond,Kentucky,United States,South,40475
AB-10150,Aimee Bixby,Consumer,Long Beach,New York,United States,East,11561
JW-16075,Julia West,Consumer,Philadelphia,Pennsylvania,United States,East,19140
EB-13750,Edward Becker,Corporate,Seattle,Washington,United States,West,98103
SG-20470,Sheri Gordon,Consumer,New York City,New York,United States,East,10011
CM-12190,Charlotte Melton,Consumer,Philadelphia,Pennsylvania,United States,East,19134
AW-10840,Anthony Witt,Consumer,Allen,Texas,United States,Central,75002
MC-18100,Mick Crebagga,Consumer,El Paso,Texas,United States,Central,79907
TT-21460,Tonja Turnell,Home Office,Aurora,Illinois,United States,Central,60505
VG-21805,Vivek Grady,Corporate,Virginia Beach,Virginia,United States,South,23464
MY-18295,Muhammed Yedwab,Corporate,Grapevine,Texas,United States,Central,76051
RD-19480,Rick Duston,Consumer,Olympia,Washington,United States,West,98502
DP-13390,Dennis Pardue,Home Office,Peoria,Illinois,United States,Central,61604
ML-17395,Marina Lichtenstein,Corporate,Los Angeles,California,United States,West,90008
JC-15385,Jenna Caffey,Consumer,Kent,Washington,United States,West,98031
JG-15160,James Galang,Consumer,Los Angeles,California,United States,West,90049
MC-17275,Marc Crier,Consumer,Lafayette,Louisiana,United States,South,70506
NW-18400,Natalie Webber,Consumer,Tigard,Oregon,United States,West,97224
TB-21280,Toby Braunhardt,Consumer,Washington,District of Columbia,United States,East,20016
BS-11380,Bill Stewart,Corporate,Skokie,Illinois,United States,Central,60076
HH-15010,Hilary Holden,Corporate,San Francisco,California,United States,West,94110
CD-12280,Christina DeMoss,Consumer,Seattle,Washington,United States,West,98105
TH-21100,Thea Hendricks,Consumer,Los Angeles,California,United States,West,90045
MM-18055,Michelle Moray,Consumer,Seattle,Washington,United States,West,98115
NS-18505,Neola Schneider,Consumer,Dallas,Texas,United States,Central,75217
RB-19645,Robert Barroso,Corporate,North Las Vegas,Nevada,United States,West,89031
SW-20455,Shaun Weien,Consumer,Suffolk,Virginia,United States,South,23434
EB-13930,Eric Barreto,Consumer,San Francisco,California,United States,West,94110
PS-18760,Pamela Stobb,Consumer,Los Angeles,California,United States,West,90008
HF-14995,Herbert Flentye,Consumer,Indianapolis,Indiana,United States,Central,46203
HZ-14950,Henia Zydlo,Consumer,Columbus,Ohio,United States,East,43229
CD-12790,Cynthia Delaney,Home Office,San Diego,California,United States,West,92037
JK-15205,Jamie Kunitz,Consumer,San Francisco,California,United States,West,94122
FM-14215,Filia McAdams,Corporate,Dublin,Ohio,United States,East,43017
ED-13885,Emily Ducich,Home Office,San Diego,California,United States,West,92037
DA-13450,Dianna Arnett,Home Office,Houston,Texas,United States,Central,77095
JW-15955,Joni Wasserman,Consumer,Oakland,California,United States,West,94601
RM-19375,Raymond Messe,Consumer,Houston,Texas,United States,Central,77095
ML-17755,Max Ludwig,Home Office,Suffolk,Virginia,United States,South,23434
CC-12685,Craig Carroll,Consumer,Greensboro,North Carolina,United States,South,27405
JE-15610,Jim Epp,Corporate,Milwaukee,Wisconsin,United States,Central,53209
RP-19855,Roy Phan,Corporate,Kenosha,Wisconsin,United States,Central,53142
TB-21175,Thomas Boland,Corporate,Houston,Texas,United States,Central,77041
BE-11455,Brad Eason,Home Office,Olathe,Kansas,United States,Central,66062
JF-15565,Jill Fjeld,Consumer,Dallas,Texas,United States,Central,75081
PB-19210,Phillip Breyer,Corporate,Tulsa,Oklahoma,United States,Central,74133
BT-11680,Brian Thompson,Consumer,Newark,Ohio,United States,East,43055
JL-15235,Janet Lee,Consumer,Chicago,Illinois,United States,Central,60623
CH-12070,Cathy Hwang,Home Office,Raleigh,North Carolina,United States,South,27604
ND-18460,Neil Ducich,Corporate,Macon,Georgia,United States,South,31204
BF-10975,Barbara Fisher,Corporate,Charlotte,North Carolina,United States,South,28205
KH-16330,Katharine Harms,Corporate,Bowling Green,Kentucky,United States,South,42104
GW-14605,Giulietta Weimer,Consumer,Seattle,Washington,United States,West,98115
NC-18625,Noah Childs,Corporate,Aurora,Colorado,United States,West,80013
ME-18010,Michelle Ellison,Corporate,San Francisco,California,United States,West,94122
BP-11230,Benjamin Patterson,Consumer,Spokane,Washington,United States,West,99207
JC-15775,John Castell,Consumer,San Antonio,Texas,United States,Central,78207
AS-10090,Adam Shillingsburg,Consumer,Charlottesville,Virginia,United States,South,22901
AC-10450,Amy Cox,Consumer,Minneapolis,Minnesota,United States,Central,55407
MD-17860,Michael Dominguez,Corporate,Indianapolis,Indiana,United States,Central,46203
DB-13660,Duane Benoit,Consumer,Oceanside,New York,United States,East,11572
EH-13990,Erica Hackney,Consumer,Roswell,Georgia,United States,South,30076
EH-13765,Edward Hooks,Corporate,Watertown,New York,United States,East,13601
SC-20230,Scot Coram,Corporate,Arlington,Texas,United States,Central,76017
JE-15715,Joe Elijah,Consumer,Broomfield,Colorado,United States,West,80020
AC-10615,Ann Chong,Corporate,New York City,New York,United States,East,10009
JD-16015,Joy Daniels,Consumer,Chicago,Illinois,United States,Central,60610
CB-12415,Christy Brittain,Consumer,Columbus,Ohio,United States,East,43229
JS-16030,Joy Smith,Consumer,Houston,Texas,United States,Central,77036
LW-17215,Luke Weiss,Consumer,Pasadena,California,United States,West,91104
SC-20800,Stuart Calhoun,Consumer,Houston,Texas,United States,Central,77041
AM-10705,Anne McFarland,Consumer,Auburn,Alabama,United States,South,36830
RH-19510,Rick Huthwaite,Home Office,Providence,Rhode Island,United States,East,2908
CT-11995,Carol Triggs,Consumer,Rochester,Minnesota,United States,Central,55901
MC-17590,Matt Collister,Corporate,Perth Amboy,New Jersey,United States,East,8861
CC-12610,Corey Catlett,Corporate,Philadelphia,Pennsylvania,United States,East,19134
KA-16525,Kelly Andreada,Consumer,Ontario,California,United States,West,91761
TC-20980,Tamara Chand,Corporate,Seattle,Washington,United States,West,98105
BF-11080,Bart Folk,Consumer,Baltimore,Maryland,United States,East,21215
MM-17260,Magdelene Morse,Consumer,Wilmington,Delaware,United States,East,19805
AH-10120,Adrian Hane,Home Office,Tucson,Arizona,United States,West,85705
BW-11200,Ben Wallace,Consumer,Boynton Beach,Florida,United States,South,33437
SW-20245,Scot Wooten,Consumer,Stockton,California,United States,West,95207
BS-11665,Brian Stugart,Consumer,Philadelphia,Pennsylvania,United States,East,19143
RF-19345,Randy Ferguson,Corporate,Dover,New Hampshire,United States,East,3820
WB-21850,William Brown,Consumer,Philadelphia,Pennsylvania,United States,East,19134
TB-21625,Trudy Brown,Consumer,Grand Prairie,Texas,United States,Central,75051
AF-10870,Art Ferguson,Consumer,College Station,Texas,United States,Central,77840
RB-19435,Richard Bierner,Consumer,Saint Louis,Missouri,United States,Central,63116
KF-16285,Karen Ferguson,Home Office,Manteca,California,United States,West,95336
JH-15820,John Huston,Consumer,Kent,Ohio,United States,East,44240
IL-15100,Ivan Liston,Consumer,San Francisco,California,United States,West,94122
PB-18805,Patrick Bzostek,Home Office,Salt Lake City,Utah,United States,West,84106
RH-19600,Rob Haberlin,Consumer,Huntsville,Alabama,United States,South,35810
AW-10930,Arthur Wiediger,Home Office,Aurora,Illinois,United States,Central,60505
ML-17410,Maris LaWare,Consumer,Fairfield,Connecticut,United States,East,6824
DB-13555,Dorothy Badders,Corporate,Jacksonville,Florida,United States,South,32216
MH-17620,Matt Hagelstein,Corporate,San Francisco,California,United States,West,94110
DK-13375,Dennis Kane,Consumer,Marion,Ohio,United States,East,43302
BT-11440,Bobby Trafton,Consumer,Littleton,Colorado,United States,West,80122
DB-13405,Denny Blanton,Consumer,La Porte,Indiana,United States,Central,46350
TG-21310,Toby Gnade,Consumer,Los Angeles,California,United States,West,90049
BF-11005,Barry Franz,Home Office,Pasadena,California,United States,West,91104
JM-16195,Justin MacKendrick,Consumer,Los Angeles,California,United States,West,90004
MZ-17335,Maria Zettner,Home Office,San Diego,California,United States,West,92024
MW-18220,Mitch Webber,Consumer,New York City,New York,United States,East,10035
MV-17485,Mark Van Huff,Consumer,Arlington,Virginia,United States,South,22204
SM-20320,Sean Miller,Home Office,Monroe,North Carolina,United States,South,28110
TP-21415,Tom Prescott,Consumer,Seattle,Washington,United States,West,98115
JK-15625,Jim Karlsson,Consumer,Seattle,Washington,United States,West,98115
PJ-18835,Patrick Jones,Corporate,Murfreesboro,Tennessee,United States,South,37130
RS-19420,Ricardo Sperren,Corporate,Seattle,Washington,United States,West,98115
SV-20935,Susan Vittorini,Consumer,New York City,New York,United States,East,10009
BC-11125,Becky Castell,Home Office,Peoria,Arizona,United States,West,85345
EM-13825,Elizabeth Moffitt,Corporate,Sioux Falls,South Dakota,United States,Central,57103
BM-11575,Brendan Murry,Corporate,New York City,New York,United States,East,10035
KN-16705,Kristina Nunn,Home Office,Fort Collins,Colorado,United States,West,80525
KW-16570,Kelly Williams,Consumer,Clarksville,Tennessee,United States,South,37042
SC-20260,Scott Cohen,Corporate,San Francisco,California,United States,West,94122
CV-12295,Christina VanderZanden,Consumer,Fresno,California,United States,West,93727
SG-20605,Speros Goranitis,Consumer,New York City,New York,United States,East,10009
TM-21010,Tamara Manning,Consumer,San Francisco,California,United States,West,94122
EM-13810,Eleni McCrary,Corporate,Los Angeles,California,United States,West,90036
ML-18040,Michelle Lonsdale,Corporate,Albuquerque,New Mexico,United States,West,87105
CR-12580,Clay Rozendal,Home Office,Elmhurst,Illinois,United States,Central,60126
AZ-10750,Annie Zypern,Consumer,New York City,New York,United States,East,10009
PW-19240,Pierre Wener,Consumer,Louisville,Colorado,United States,West,80027
SC-20380,Shahid Collister,Consumer,Seattle,Washington,United States,West,98115
CM-11935,Carlos Meador,Consumer,Fayetteville,North Carolina,United States,South,28314
GM-14695,Greg Maxwell,Corporate,Los Angeles,California,United States,West,90036
TB-21250,Tim Brockman,Consumer,New York City,New York,United States,East,10024
JM-15865,John Murray,Consumer,Jamestown,New York,United States,East,14701
SC-20575,Sonia Cooley,Consumer,Mishawaka,Indiana,United States,Central,46544
LS-17200,Luke Schmidt,Corporate,Skokie,Illinois,United States,Central,60076
RR-19315,Ralph Ritter,Consumer,San Francisco,California,United States,West,94110
DB-12910,Daniel Byrd,Home Office,Tampa,Florida,United States,South,33614
TT-21220,Thomas Thornton,Consumer,Houston,Texas,United States,Central,77041
LO-17170,Lori Olson,Corporate,La Quinta,California,United States,West,92253
KD-16615,Ken Dana,Corporate,Scottsdale,Arizona,United States,West,85254
NB-18580,Nicole Brennan,Corporate,Philadelphia,Pennsylvania,United States,East,19134
BD-11635,Brian Derr,Consumer,Bowling Green,Kentucky,United States,South,42104
CM-12235,Chris McAfee,Consumer,Carrollton,Texas,United States,Central,75007
EN-13780,Edward Nazzal,Consumer,New York City,New York,United States,East,10035
KN-16450,Kean Nguyen,Corporate,Jacksonville,Florida,United States,South,32216
BO-11350,Bill Overfelt,Corporate,Los Angeles,California,United States,West,90045
AG-10300,Aleksandra Gannaway,Corporate,Los Angeles,California,United States,West,90049
MC-17635,Matthew Clasen,Corporate,Saint Louis,Missouri,United States,Central,63116
TA-21385,Tom Ashbrook,Home Office,New York City,New York,United States,East,10024
JF-15295,Jason Fortune-,Consumer,Seattle,Washington,United States,West,98103
TT-21265,Tim Taslimi,Corporate,Los Angeles,California,United States,West,90045
SB-20170,Sarah Bern,Consumer,New York City,New York,United States,East,10035
CL-12700,Craig Leslie,Home Office,Springfield,Missouri,United States,Central,65807
HG-15025,Hunter Glantz,Consumer,Amarillo,Texas,United States,Central,79109
NL-18310,Nancy Lomonaco,Home Office,Los Angeles,California,United States,West,90045
RR-19525,Rick Reed,Corporate,Lowell,Massachusetts,United States,East,1852
TC-21295,Toby Carlisle,Consumer,San Diego,California,United States,West,92024
SV-20785,Stewart Visinsky,Consumer,Pueblo,Colorado,United States,West,81001
BE-11410,Bobby Elias,Consumer,Lancaster,Ohio,United States,East,43130
SC-20680,Steve Carroll,Home Office,Columbus,Georgia,United States,South,31907
DF-13135,David Flashing,Consumer,Vallejo,California,United States,West,94591
FH-14350,Fred Harton,Consumer,Seattle,Washington,United States,West,98105
MS-17530,MaryBeth Skach,Consumer,San Diego,California,United States,West,92037
RH-19555,Ritsa Hightower,Consumer,Tallahassee,Florida,United States,South,32303
GA-14515,George Ashbrook,Consumer,San Francisco,California,United States,West,94122
JP-16135,Julie Prescott,Home Office,Columbus,Georgia,United States,South,31907
Dp-13240,Dean percer,Home Office,Murray,Utah,United States,West,84107
MO-17950,Michael Oakman,Consumer,Dallas,Texas,United States,Central,75220
DL-13330,Denise Leinenbach,Consumer,Las Cruces,New Mexico,United States,West,88001
MH-18025,Michelle Huthwaite,Consumer,Seattle,Washington,United States,West,98115
DR-12940,Daniel Raglin,Home Office,Franklin,Massachusetts,United States,East,2038
DM-13015,Darrin Martin,Consumer,Encinitas,California,United States,West,92024
CA-11965,Carol Adams,Corporate,Hoover,Alabama,United States,South,35244
AC-10660,Anna Chung,Consumer,Huntsville,Texas,United States,Central,77340
DM-13345,Denise Monton,Corporate,Roswell,Georgia,United States,South,30076
VF-21715,Vicky Freymann,Home Office,Columbus,Indiana,United States,Central,47201
CC-12370,Christopher Conant,Consumer,Fayetteville,North Carolina,United States,South,28314
BF-11275,Beth Fritzler,Corporate,Tucson,Arizona,United States,West,85705
HG-14845,Harry Greene,Consumer,Lake Charles,Louisiana,United States,South,70601
BP-11155,Becky Pak,Consumer,Columbus,Georgia,United States,South,31907
EM-14140,Eugene Moren,Home Office,Glendale,Arizona,United States,West,85301
MA-17995,Michelle Arnett,Home Office,Watertown,New York,United States,East,13601
AY-10555,Andy Yotov,Corporate,Oceanside,California,United States,West,92054
GB-14575,Giulietta Baptist,Consumer,Philadelphia,Pennsylvania,United States,East,19134
JB-16045,Julia Barnett,Home Office,Columbus,Georgia,United States,South,31907
MG-17875,Michael Grace,Home Office,New York City,New York,United States,East,10011
SR-20425,Sharelle Roach,Home Office,Louisville,Colorado,United States,West,80027
JB-16000,Joy Bell-,Consumer,Brownsville,Texas,United States,Central,78521
DM-12955,Dario Medina,Corporate,Lincoln Park,Michigan,United States,Central,48146
TC-21475,Tony Chapman,Home Office,Columbus,Georgia,United States,South,31907
SW-20350,Sean Wendt,Home Office,Detroit,Michigan,United States,Central,48227
RE-19450,Richard Eichhorn,Consumer,Dallas,Texas,United States,Central,75081
BF-11215,Benjamin Farhat,Home Office,Albuquerque,New Mexico,United States,West,87105
KB-16405,Katrina Bavinger,Home Office,Apple Valley,California,United States,West,92307
JG-15310,Jason Gross,Corporate,Providence,Rhode Island,United States,East,2908
EC-14050,Erin Creighton,Consumer,New York City,New York,United States,East,10024
EB-14110,Eugene Barchas,Consumer,Philadelphia,Pennsylvania,United States,East,19134
JP-15460,Jennifer Patt,Corporate,Oceanside,New York,United States,East,11572
CS-11845,Cari Sayre,Corporate,Seattle,Washington,United States,West,98105
GH-14410,Gary Hansen,Home Office,Glendale,Arizona,United States,West,85301
PT-19090,Pete Takahito,Consumer,Houston,Texas,United States,Central,77070
JL-15130,Jack Lebron,Consumer,Houston,Texas,United States,Central,77036
AH-10030,Aaron Hawkins,Corporate,Philadelphia,Pennsylvania,United States,East,19134
CC-12475,Cindy Chapman,Consumer,New York City,New York,United States,East,10024
DW-13195,David Wiener,Corporate,Houston,Texas,United States,Central,77095
SJ-20215,Sarah Jordon,Consumer,Grand Prairie,Texas,United States,Central,75051
BG-11740,Bruce Geld,Consumer,Philadelphia,Pennsylvania,United States,East,19120
LB-16795,Laurel Beltran,Home Office,Highland Park,Illinois,United States,Central,60035
CM-11815,Candace McMahon,Corporate,Pasadena,Texas,United States,Central,77506
EH-14185,Evan Henry,Consumer,Decatur,Alabama,United States,South,35601
TS-21505,Tony Sayre,Consumer,Columbia,Tennessee,United States,South,38401
PR-18880,Patrick Ryan,Consumer,Oakland,California,United States,West,94601
LC-17050,Liz Carlisle,Consumer,Mission Viejo,California,United States,West,92691
CS-12490,Cindy Schnelling,Corporate,Conroe,Texas,United States,Central,77301
DH-13075,Dave Hallsten,Corporate,Richmond,Kentucky,United States,South,40475
JO-15145,Jack O'Briant,Corporate,Philadelphia,Pennsylvania,United States,East,19140
AH-10690,Anna Häberlin,Corporate,New York City,New York,United States,East,10024
HJ-14875,Heather Jas,Home Office,Jacksonville,Florida,United States,South,32216
MH-17455,Mark Hamilton,Consumer,Jacksonville,North Carolina,United States,South,28540
RD-19930,Russell D'Ascenzo,Consumer,Austin,Texas,United States,Central,78745
SC-20020,Sam Craven,Consumer,Plano,Texas,United States,Central,75023
SU-20665,Stephanie Ulpright,Home Office,Jackson,Mississippi,United States,South,39212
FC-14335,Fred Chung,Corporate,Mesquite,Texas,United States,Central,75150
RB-19330,Randy Bradley,Consumer,Philadelphia,Pennsylvania,United States,East,19143
NC-18535,Nick Crebassa,Corporate,Dallas,Texas,United States,Central,75217
DB-12970,Darren Budd,Corporate,Los Angeles,California,United States,West,90004
MF-17665,Maureen Fritzler,Corporate,Toledo,Ohio,United States,East,43615
RM-19750,Roland Murray,Consumer,New York City,New York,United States,East,10011
VM-21835,Vivian Mathis,Consumer,Newark,Delaware,United States,East,19711
EJ-13720,Ed Jacobs,Consumer,San Diego,California,United States,West,92037
NC-18415,Nathan Cano,Consumer,Jacksonville,North Carolina,United States,South,28540
LS-17230,Lycoris Saunders,Consumer,Dover,Delaware,United States,East,19901
KE-16420,Katrina Edelman,Corporate,Bristol,Tennessee,United States,South,37620
DH-13675,Duane Huffman,Home Office,Quincy,Massachusetts,United States,East,2169
PF-19120,Peter Fuller,Consumer,Gilbert,Arizona,United States,West,85234
VT-21700,Valerie Takahito,Home Office,Philadelphia,Pennsylvania,United States,East,19143
MG-17695,Maureen Gnade,Consumer,Buffalo,New York,United States,East,14215
SP-20920,Susan Pistek,Consumer,Los Angeles,California,United States,West,90036
CS-12175,Charles Sheldon,Corporate,Columbia,Tennessee,United States,South,38401
DK-12895,Dana Kaydos,Consumer,Kenosha,Wisconsin,United States,Central,53142
KM-16660,Khloe Miller,Consumer,Roswell,Georgia,United States,South,30076
AA-10645,Anna Andreadi,Consumer,Chester,Pennsylvania,United States,East,19013
DD-13570,Dorothy Dickinson,Consumer,Houston,Texas,United States,Central,77041
AH-10465,Amy Hunt,Consumer,New York City,New York,United States,East,10035
TP-21565,Tracy Poddar,Corporate,Aurora,Colorado,United States,West,80013
EK-13795,Eileen Kiefer,Home Office,Santa Ana,California,United States,West,92704
CR-12820,Cyra Reiten,Home Office,New York City,New York,United States,East,10035
SG-20890,Susan Gilcrest,Corporate,Mcallen,Texas,United States,Central,78501
AH-10585,Angele Hood,Consumer,Chicago,Illinois,United States,Central,60623
NF-18475,Neil Französisch,Home Office,Rockford,Illinois,United States,Central,61107
BS-11365,Bill Shonely,Corporate,New York City,New York,United States,East,10011
SH-20635,Stefanie Holloman,Corporate,Jackson,Tennessee,United States,South,38301
RD-19720,Roger Demir,Consumer,Daytona Beach,Florida,United States,South,32114
AG-10330,Alex Grayson,Consumer,Stockton,California,United States,West,95207
GR-14560,Georgia Rosenberg,Corporate,San Francisco,California,United States,West,94110
VS-21820,Vivek Sundaresam,Consumer,Los Angeles,California,United States,West,90036
TM-21490,Tony Molinari,Consumer,Oklahoma City,Oklahoma,United States,Central,73120
TS-21430,Tom Stivers,Corporate,Los Angeles,California,United States,West,90045
DB-13360,Dennis Bolton,Home Office,New York City,New York,United States,East,10009
NR-18550,Nick Radford,Consumer,Aurora,Illinois,United States,Central,60505
CS-11860,Cari Schnelling,Consumer,Jacksonville,North Carolina,United States,South,28540
MF-18250,Monica Federle,Corporate,Los Angeles,California,United States,West,90036
LW-17125,Liz Willingham,Consumer,Norwich,Connecticut,United States,East,6360
AR-10345,Alex Russell,Corporate,Lawrence,Massachusetts,United States,East,1841
KS-16300,Karen Seio,Corporate,Lehi,Utah,United States,West,84043
AB-10015,Aaron Bergman,Consumer,Seattle,Washington,United States,West,98103
LR-17035,Lisa Ryan,Corporate,Philadelphia,Pennsylvania,United States,East,19134
SS-20410,Shahid Shariari,Consumer,Los Angeles,California,United States,West,90008
JM-15580,Jill Matthias,Consumer,Monroe,North Carolina,United States,South,28110
JK-15325,Jason Klamczynski,Corporate,Dallas,Texas,United States,Central,75220
DM-13525,Don Miller,Corporate,Houston,Texas,United States,Central,77070
ML-18265,Muhammed Lee,Consumer,Seattle,Washington,United States,West,98103
MH-17290,Marc Harrigan,Home Office,Los Angeles,California,United States,West,90036
FC-14245,Frank Carlisle,Home Office,Lakewood,Ohio,United States,East,44107
TH-21115,Thea Hudgings,Corporate,Philadelphia,Pennsylvania,United States,East,19140
JK-16090,Juliana Krohn,Consumer,Omaha,Nebraska,United States,Central,68104
SB-20185,Sarah Brown,Consumer,Concord,New Hampshire,United States,East,3301
BG-11035,Barry Gonzalez,Consumer,Monroe,Louisiana,United States,South,71203
BW-11065,Barry Weirich,Consumer,Raleigh,North Carolina,United States,South,27604
MG-18205,Mitch Gastineau,Corporate,Jacksonville,Florida,United States,South,32216
DO-13645,Doug O'Connell,Consumer,Los Angeles,California,United States,West,90036
BP-11050,Barry Pond,Corporate,Cranston,Rhode Island,United States,East,2920
TS-21655,Trudy Schmidt,Consumer,Milwaukee,Wisconsin,United States,Central,53209
EM-14200,Evan Minnotte,Home Office,Virginia Beach,Virginia,United States,South,23464
AO-10810,Anthony O'Donnell,Corporate,Los Angeles,California,United States,West,90045
MH-17440,Mark Haberlin,Corporate,New York City,New York,United States,East,10035
SS-20515,Shirley Schmidt,Home Office,Louisville,Kentucky,United States,South,40214
LD-16855,Lela Donovan,Corporate,Chicago,Illinois,United States,Central,60653
VP-21760,Victoria Pisteka,Corporate,San Francisco,California,United States,West,94109
TC-21145,Theresa Coyne,Corporate,Lakewood,New Jersey,United States,East,8701
IM-15055,Ionia McGrath,Consumer,Roseville,California,United States,West,95661
AR-10570,Anemone Ratner,Consumer,Columbus,Georgia,United States,South,31907
CM-12715,Craig Molinari,Corporate,Huntsville,Texas,United States,Central,77340
FW-14395,Fred Wasserman,Corporate,Huntsville,Alabama,United States,South,35810
LC-16960,Lindsay Castell,Home Office,Arlington,Virginia,United States,South,22204
HE-14800,Harold Engle,Corporate,Chicago,Illinois,United States,Central,60623
BD-11560,Brendan Dodson,Home Office,Fresno,California,United States,West,93727
HD-14785,Harold Dahlen,Home Office,Philadelphia,Pennsylvania,United States,East,19143
CJ-11875,Carl Jackson,Corporate,Philadelphia,Pennsylvania,United States,East,19140
RS-19870,Roy Skaria,Home Office,Burlington,Iowa,United States,Central,52601
SC-20845,Sung Chung,Consumer,Arlington Heights,Illinois,United States,Central,60004
RE-19405,Ricardo Emerson,Consumer,Kent,Ohio,United States,East,44240
SM-20905,Susan MacKendrick,Consumer,Newark,Ohio,United States,East,43055
